BaseProviderT,NumberFactory
BaseProviderT,BaseProvider
BaseProviderT,TwoCmres
BaseProviderT,TwoCmres.Cmres
BaseProviderT,SplitMix64
BaseProviderT,MersenneTwister64
BaseProviderT,XorShift1024Star
BaseProviderT,TwoCmres.Cmres.Factory
BaseProviderT,LongProvider
BaseProviderT,Well19937a
BaseProviderT,Well44497b
BaseProviderT,MultiplyWithCarry256
BaseProviderT,Well44497a
BaseProviderT,KISSRandom
BaseProviderT,AbstractWell.IndexTable
BaseProviderT,MersenneTwister
BaseProviderT,Well1024a
BaseProviderT,IntProvider
BaseProviderT,AbstractWell
BaseProviderT,Well512a
BaseProviderT,ISAACRandom
BaseProviderT,JDKRandom
BaseProviderT,Well19937c
ListSamplerT,NumberFactory
ListSamplerT,BaseProvider
ListSamplerT,RandomProviderDefaultState
ListSamplerT,TwoCmres.Cmres.Factory
ListSamplerT,XorShift1024Star
ListSamplerT,TwoCmres
ListSamplerT,SplitMix64
ListSamplerT,TwoCmres.Cmres
ListSamplerT,MersenneTwister64
ListSamplerT,LongProvider
ListSamplerT,Well19937c
ListSamplerT,KISSRandom
ListSamplerT,AbstractWell
ListSamplerT,Well44497a
ListSamplerT,IntProvider
ListSamplerT,MersenneTwister
ListSamplerT,Well1024a
ListSamplerT,MultiplyWithCarry256
ListSamplerT,Well512a
ListSamplerT,Well44497b
ListSamplerT,ISAACRandom
ListSamplerT,AbstractWell.IndexTable
ListSamplerT,Well19937a
ListSamplerT,JDKRandom
ListSamplerT,UnitSphereSampler
ListSamplerT,PermutationSampler
ListSamplerT,DiscreteProbabilityCollectionSampler
ListSamplerT,CollectionSampler
ListSamplerT,AhrensDieterExponentialSampler
ListSamplerT,InverseTransformParetoSampler
ListSamplerT,AhrensDieterMarsagliaTsangGammaSampler
ListSamplerT,BoxMullerNormalizedGaussianSampler
ListSamplerT,BoxMullerLogNormalSampler
ListSamplerT,MarsagliaNormalizedGaussianSampler
ListSamplerT,LargeMeanPoissonSampler
ListSamplerT,InverseTransformDiscreteSampler
ListSamplerT,BoxMullerGaussianSampler
ListSamplerT,InternalUtils.FactorialLog
ListSamplerT,PoissonSampler
ListSamplerT,LogNormalSampler
ListSamplerT,RejectionInversionZipfSampler
ListSamplerT,DiscreteUniformSampler
ListSamplerT,InternalGamma
ListSamplerT,ContinuousUniformSampler
ListSamplerT,GaussianSampler
ListSamplerT,InternalUtils
ListSamplerT,ChengBetaSampler
ListSamplerT,ZigguratNormalizedGaussianSampler
ListSamplerT,SamplerBase
ListSamplerT,InverseTransformContinuousSampler
ListSamplerT,SmallMeanPoissonSampler
ListSamplerT,LongArray2Long
ListSamplerT,ProviderBuilder.RandomSourceInternal
ListSamplerT,IntArray2LongArray
ListSamplerT,ProviderBuilder
ListSamplerT,SeedConverterComposer
ListSamplerT,LongArray2IntArray
ListSamplerT,Long2LongArray
ListSamplerT,Long2Int
ListSamplerT,SeedFactory
ListSamplerT,NoOpConverter
ListSamplerT,ByteArray2IntArray
ListSamplerT,IntArray2Int
ListSamplerT,ByteArray2LongArray
ListSamplerT,Int2Long
ListSamplerT,JDKRandomBridge
ListSamplerT,RandomSource
ListSamplerT,RandomSource.new UniformRandomProvider() {...}
SeedFactoryT,NumberFactory
SeedFactoryT,BaseProvider
SeedFactoryT,RandomProviderDefaultState
SeedFactoryT,TwoCmres.Cmres
SeedFactoryT,TwoCmres
SeedFactoryT,SplitMix64
SeedFactoryT,TwoCmres.Cmres.Factory
SeedFactoryT,LongProvider
SeedFactoryT,MersenneTwister64
SeedFactoryT,XorShift1024Star
SeedFactoryT,Well1024a
SeedFactoryT,Well19937a
SeedFactoryT,MultiplyWithCarry256
SeedFactoryT,IntProvider
SeedFactoryT,Well19937c
SeedFactoryT,MersenneTwister
SeedFactoryT,KISSRandom
SeedFactoryT,AbstractWell
SeedFactoryT,ISAACRandom
SeedFactoryT,JDKRandom
SeedFactoryT,Well512a
SeedFactoryT,ByteArray2IntArray
SeedFactoryT,Long2Int
SeedFactoryT,LongArray2IntArray
SeedFactoryT,NoOpConverter
SeedFactoryT,ProviderBuilder.RandomSourceInternal
SeedFactoryT,SeedFactory
SeedFactoryT,SeedConverterComposer
SeedFactoryT,IntArray2LongArray
SeedFactoryT,Long2LongArray
SeedFactoryT,IntArray2Int
SeedFactoryT,Int2Long
SeedFactoryT,Long2IntArray
SeedFactoryT,ProviderBuilder
SeedFactoryT,ByteArray2LongArray
SeedFactoryT,LongArray2Long
SeedFactoryT,RandomSource
SeedFactoryT,JDKRandomBridge
SeedFactoryT,RandomSource.new UniformRandomProvider() {...}
ByteArray2IntArrayT,NumberFactory
ByteArray2IntArrayT,BaseProvider
ByteArray2IntArrayT,RandomProviderDefaultState
ByteArray2IntArrayT,LongProvider
ByteArray2IntArrayT,TwoCmres.Cmres
ByteArray2IntArrayT,XorShift1024Star
ByteArray2IntArrayT,TwoCmres.Cmres.Factory
ByteArray2IntArrayT,SplitMix64
ByteArray2IntArrayT,MersenneTwister64
ByteArray2IntArrayT,TwoCmres
ByteArray2IntArrayT,JDKRandom
ByteArray2IntArrayT,Well19937c
ByteArray2IntArrayT,MultiplyWithCarry256
ByteArray2IntArrayT,AbstractWell.IndexTable
ByteArray2IntArrayT,ISAACRandom
ByteArray2IntArrayT,Well44497b
ByteArray2IntArrayT,Well1024a
ByteArray2IntArrayT,MersenneTwister
ByteArray2IntArrayT,KISSRandom
ByteArray2IntArrayT,Well512a
ByteArray2IntArrayT,IntProvider
ByteArray2IntArrayT,Well19937a
ByteArray2IntArrayT,AbstractWell
ByteArray2IntArrayT,Well44497a
ByteArray2IntArrayT,Long2Int
ByteArray2IntArrayT,LongArray2IntArray
ByteArray2IntArrayT,Long2LongArray
ByteArray2IntArrayT,Long2IntArray
ByteArray2IntArrayT,IntArray2Int
ByteArray2IntArrayT,ProviderBuilder
ByteArray2IntArrayT,Int2Long
ByteArray2IntArrayT,IntArray2LongArray
ByteArray2IntArrayT,LongArray2Long
ByteArray2IntArrayT,ByteArray2LongArray
ByteArray2IntArrayT,SeedConverterComposer
ByteArray2IntArrayT,ProviderBuilder.RandomSourceInternal
ByteArray2IntArrayT,SeedFactory
ByteArray2IntArrayT,NoOpConverter
ByteArray2IntArrayT,JDKRandomBridge
ByteArray2IntArrayT,RandomSource.new UniformRandomProvider() {...}
ByteArray2IntArrayT,RandomSource
MersenneTwister64T,NumberFactory
MersenneTwister64T,RandomProviderDefaultState
MersenneTwister64T,BaseProvider
MersenneTwister64T,SplitMix64
MersenneTwister64T,TwoCmres
MersenneTwister64T,TwoCmres.Cmres.Factory
MersenneTwister64T,XorShift1024Star
MersenneTwister64T,LongProvider
MersenneTwister64T,TwoCmres.Cmres
MersenneTwister64T,MersenneTwister64
MersenneTwister64T,Well512a
MersenneTwister64T,ISAACRandom
MersenneTwister64T,Well19937c
MersenneTwister64T,Well44497a
MersenneTwister64T,AbstractWell
MersenneTwister64T,MersenneTwister
MersenneTwister64T,Well1024a
MersenneTwister64T,AbstractWell.IndexTable
MersenneTwister64T,JDKRandom
MersenneTwister64T,MultiplyWithCarry256
MersenneTwister64T,KISSRandom
MersenneTwister64T,Well19937a
MersenneTwister64T,Well44497b
MersenneTwister64T,IntProvider
SplitMix64T,NumberFactory
SplitMix64T,BaseProvider
SplitMix64T,RandomProviderDefaultState
SplitMix64T,TwoCmres.Cmres.Factory
SplitMix64T,TwoCmres
SplitMix64T,SplitMix64
SplitMix64T,XorShift1024Star
SplitMix64T,LongProvider
SplitMix64T,TwoCmres.Cmres
SplitMix64T,MersenneTwister64
SplitMix64T,Well44497a
SplitMix64T,MultiplyWithCarry256
SplitMix64T,Well19937a
SplitMix64T,IntProvider
SplitMix64T,AbstractWell
SplitMix64T,MersenneTwister
SplitMix64T,ISAACRandom
SplitMix64T,JDKRandom
SplitMix64T,Well19937c
SplitMix64T,Well44497b
SplitMix64T,Well1024a
SplitMix64T,Well512a
SplitMix64T,AbstractWell.IndexTable
SplitMix64T,KISSRandom
ByteArray2LongArrayT,NumberFactory
ByteArray2LongArrayT,RandomProviderDefaultState
ByteArray2LongArrayT,BaseProvider
ByteArray2LongArrayT,SplitMix64
ByteArray2LongArrayT,TwoCmres.Cmres.Factory
ByteArray2LongArrayT,MersenneTwister64
ByteArray2LongArrayT,TwoCmres
ByteArray2LongArrayT,XorShift1024Star
ByteArray2LongArrayT,TwoCmres.Cmres
ByteArray2LongArrayT,LongProvider
ByteArray2LongArrayT,KISSRandom
ByteArray2LongArrayT,Well512a
ByteArray2LongArrayT,AbstractWell
ByteArray2LongArrayT,AbstractWell.IndexTable
ByteArray2LongArrayT,MersenneTwister
ByteArray2LongArrayT,ISAACRandom
ByteArray2LongArrayT,Well19937c
ByteArray2LongArrayT,Well19937a
ByteArray2LongArrayT,IntProvider
ByteArray2LongArrayT,Well44497b
ByteArray2LongArrayT,JDKRandom
ByteArray2LongArrayT,Well1024a
ByteArray2LongArrayT,Well44497a
ByteArray2LongArrayT,MultiplyWithCarry256
ByteArray2LongArrayT,SeedConverterComposer
ByteArray2LongArrayT,ByteArray2IntArray
ByteArray2LongArrayT,IntArray2LongArray
ByteArray2LongArrayT,ProviderBuilder.RandomSourceInternal
ByteArray2LongArrayT,ProviderBuilder
ByteArray2LongArrayT,SeedFactory
ByteArray2LongArrayT,IntArray2Int
ByteArray2LongArrayT,LongArray2Long
ByteArray2LongArrayT,NoOpConverter
ByteArray2LongArrayT,Int2Long
ByteArray2LongArrayT,LongArray2IntArray
ByteArray2LongArrayT,Long2LongArray
ByteArray2LongArrayT,Long2Int
ByteArray2LongArrayT,Long2IntArray
ByteArray2LongArrayT,RandomSource.new UniformRandomProvider() {...}
ByteArray2LongArrayT,JDKRandomBridge
ByteArray2LongArrayT,RandomSource
MersenneTwisterT,NumberFactory
MersenneTwisterT,BaseProvider
MersenneTwisterT,RandomProviderDefaultState
MersenneTwisterT,TwoCmres.Cmres.Factory
MersenneTwisterT,LongProvider
MersenneTwisterT,SplitMix64
MersenneTwisterT,TwoCmres.Cmres
MersenneTwisterT,MersenneTwister64
MersenneTwisterT,XorShift1024Star
MersenneTwisterT,TwoCmres
MersenneTwisterT,Well1024a
MersenneTwisterT,MultiplyWithCarry256
MersenneTwisterT,Well19937c
MersenneTwisterT,Well512a
MersenneTwisterT,KISSRandom
MersenneTwisterT,IntProvider
MersenneTwisterT,Well19937a
MersenneTwisterT,MersenneTwister
MersenneTwisterT,ISAACRandom
MersenneTwisterT,JDKRandom
MersenneTwisterT,AbstractWell.IndexTable
MersenneTwisterT,AbstractWell
MersenneTwisterT,Well44497b
MersenneTwisterT,Well44497a
TwoCmresT,NumberFactory
TwoCmresT,BaseProvider
TwoCmresT,RandomProviderDefaultState
TwoCmresT,MersenneTwister64
TwoCmresT,TwoCmres
TwoCmresT,XorShift1024Star
TwoCmresT,LongProvider
TwoCmresT,SplitMix64
TwoCmresT,TwoCmres.Cmres.Factory
TwoCmresT,TwoCmres.Cmres
TwoCmresT,AbstractWell
TwoCmresT,ISAACRandom
TwoCmresT,Well1024a
TwoCmresT,JDKRandom
TwoCmresT,Well19937a
TwoCmresT,AbstractWell.IndexTable
TwoCmresT,Well512a
TwoCmresT,MultiplyWithCarry256
TwoCmresT,IntProvider
TwoCmresT,MersenneTwister
TwoCmresT,KISSRandom
TwoCmresT,Well19937c
TwoCmresT,Well44497a
TwoCmresT,Well44497b
ContinuousSamplerParametricT,NumberFactory
ContinuousSamplerParametricT,BaseProvider
ContinuousSamplerParametricT,RandomProviderDefaultState
ContinuousSamplerParametricT,SplitMix64
ContinuousSamplerParametricT,TwoCmres
ContinuousSamplerParametricT,MersenneTwister64
ContinuousSamplerParametricT,XorShift1024Star
ContinuousSamplerParametricT,TwoCmres.Cmres.Factory
ContinuousSamplerParametricT,LongProvider
ContinuousSamplerParametricT,IntProvider
ContinuousSamplerParametricT,AbstractWell
ContinuousSamplerParametricT,JDKRandom
ContinuousSamplerParametricT,ISAACRandom
ContinuousSamplerParametricT,MersenneTwister
ContinuousSamplerParametricT,KISSRandom
ContinuousSamplerParametricT,MultiplyWithCarry256
ContinuousSamplerParametricT,CollectionSampler
ContinuousSamplerParametricT,PermutationSampler
ContinuousSamplerParametricT,DiscreteProbabilityCollectionSampler
ContinuousSamplerParametricT,ListSampler
ContinuousSamplerParametricT,UnitSphereSampler
ContinuousSamplerParametricT,PoissonSampler
ContinuousSamplerParametricT,LargeMeanPoissonSampler
ContinuousSamplerParametricT,RejectionInversionZipfSampler
ContinuousSamplerParametricT,SamplerBase
ContinuousSamplerParametricT,DiscreteUniformSampler
ContinuousSamplerParametricT,InternalUtils.FactorialLog
ContinuousSamplerParametricT,SmallMeanPoissonSampler
ContinuousSamplerParametricT,InternalGamma
ContinuousSamplerParametricT,InverseTransformDiscreteSampler
ContinuousSamplerParametricT,SeedFactory
ContinuousSamplerParametricT,Long2LongArray
ContinuousSamplerParametricT,NoOpConverter
ContinuousSamplerParametricT,Long2Int
ContinuousSamplerParametricT,IntArray2Int
ContinuousSamplerParametricT,LongArray2Long
ContinuousSamplerParametricT,SeedConverterComposer
ContinuousSamplerParametricT,ByteArray2LongArray
ContinuousSamplerParametricT,LongArray2IntArray
ContinuousSamplerParametricT,ProviderBuilder
ContinuousSamplerParametricT,ByteArray2IntArray
ContinuousSamplerParametricT,ProviderBuilder.RandomSourceInternal
ContinuousSamplerParametricT,Int2Long
ContinuousSamplerParametricT,IntArray2LongArray
ContinuousSamplerParametricT,Long2IntArray
ContinuousSamplerParametricT,JDKRandomBridge
ContinuousSamplerParametricT,RandomSource
ContinuousSamplerParametricT,RandomSource.new UniformRandomProvider() {...}
MultiplyWithCarry256T,NumberFactory
MultiplyWithCarry256T,RandomProviderDefaultState
MultiplyWithCarry256T,BaseProvider
MultiplyWithCarry256T,MersenneTwister64
MultiplyWithCarry256T,LongProvider
MultiplyWithCarry256T,TwoCmres.Cmres
MultiplyWithCarry256T,TwoCmres
MultiplyWithCarry256T,XorShift1024Star
MultiplyWithCarry256T,TwoCmres.Cmres.Factory
MultiplyWithCarry256T,SplitMix64
MultiplyWithCarry256T,AbstractWell.IndexTable
MultiplyWithCarry256T,Well44497b
MultiplyWithCarry256T,Well1024a
MultiplyWithCarry256T,ISAACRandom
MultiplyWithCarry256T,AbstractWell
MultiplyWithCarry256T,Well19937a
MultiplyWithCarry256T,Well19937c
MultiplyWithCarry256T,KISSRandom
MultiplyWithCarry256T,JDKRandom
MultiplyWithCarry256T,IntProvider
MultiplyWithCarry256T,MultiplyWithCarry256
MultiplyWithCarry256T,Well512a
MultiplyWithCarry256T,Well44497a
MultiplyWithCarry256T,MersenneTwister
UnitSphereSamplerT,NumberFactory
UnitSphereSamplerT,BaseProvider
UnitSphereSamplerT,RandomProviderDefaultState
UnitSphereSamplerT,XorShift1024Star
UnitSphereSamplerT,MersenneTwister64
UnitSphereSamplerT,TwoCmres.Cmres
UnitSphereSamplerT,SplitMix64
UnitSphereSamplerT,LongProvider
UnitSphereSamplerT,TwoCmres.Cmres.Factory
UnitSphereSamplerT,TwoCmres
UnitSphereSamplerT,JDKRandom
UnitSphereSamplerT,Well44497b
UnitSphereSamplerT,Well19937a
UnitSphereSamplerT,MultiplyWithCarry256
UnitSphereSamplerT,ISAACRandom
UnitSphereSamplerT,AbstractWell
UnitSphereSamplerT,Well19937c
UnitSphereSamplerT,AbstractWell.IndexTable
UnitSphereSamplerT,Well512a
UnitSphereSamplerT,KISSRandom
UnitSphereSamplerT,Well44497a
UnitSphereSamplerT,MersenneTwister
UnitSphereSamplerT,Well1024a
UnitSphereSamplerT,IntProvider
UnitSphereSamplerT,DiscreteProbabilityCollectionSampler
UnitSphereSamplerT,ListSampler
UnitSphereSamplerT,CollectionSampler
UnitSphereSamplerT,PermutationSampler
UnitSphereSamplerT,SamplerBase
UnitSphereSamplerT,InverseTransformDiscreteSampler
UnitSphereSamplerT,ContinuousUniformSampler
UnitSphereSamplerT,LogNormalSampler
UnitSphereSamplerT,ChengBetaSampler
UnitSphereSamplerT,InternalUtils
UnitSphereSamplerT,GaussianSampler
UnitSphereSamplerT,AhrensDieterExponentialSampler
UnitSphereSamplerT,MarsagliaNormalizedGaussianSampler
UnitSphereSamplerT,InternalUtils.FactorialLog
UnitSphereSamplerT,PoissonSampler
UnitSphereSamplerT,BoxMullerNormalizedGaussianSampler
UnitSphereSamplerT,BoxMullerLogNormalSampler
UnitSphereSamplerT,InternalGamma
UnitSphereSamplerT,AhrensDieterMarsagliaTsangGammaSampler
UnitSphereSamplerT,RejectionInversionZipfSampler
UnitSphereSamplerT,LargeMeanPoissonSampler
UnitSphereSamplerT,SmallMeanPoissonSampler
UnitSphereSamplerT,ZigguratNormalizedGaussianSampler
UnitSphereSamplerT,InverseTransformContinuousSampler
UnitSphereSamplerT,DiscreteUniformSampler
UnitSphereSamplerT,InverseTransformParetoSampler
UnitSphereSamplerT,BoxMullerGaussianSampler
UnitSphereSamplerT,Int2Long
UnitSphereSamplerT,ByteArray2LongArray
UnitSphereSamplerT,Long2Int
UnitSphereSamplerT,ProviderBuilder
UnitSphereSamplerT,Long2IntArray
UnitSphereSamplerT,ProviderBuilder.RandomSourceInternal
UnitSphereSamplerT,IntArray2Int
UnitSphereSamplerT,NoOpConverter
UnitSphereSamplerT,IntArray2LongArray
UnitSphereSamplerT,SeedFactory
UnitSphereSamplerT,ByteArray2IntArray
UnitSphereSamplerT,SeedConverterComposer
UnitSphereSamplerT,LongArray2IntArray
UnitSphereSamplerT,LongArray2Long
UnitSphereSamplerT,RandomSource.new UniformRandomProvider() {...}
UnitSphereSamplerT,RandomSource
UnitSphereSamplerT,JDKRandomBridge
DiscreteProbabilityCollectionSamplerT,NumberFactory
DiscreteProbabilityCollectionSamplerT,RandomProviderDefaultState
DiscreteProbabilityCollectionSamplerT,BaseProvider
DiscreteProbabilityCollectionSamplerT,SplitMix64
DiscreteProbabilityCollectionSamplerT,XorShift1024Star
DiscreteProbabilityCollectionSamplerT,TwoCmres
DiscreteProbabilityCollectionSamplerT,LongProvider
DiscreteProbabilityCollectionSamplerT,MersenneTwister64
DiscreteProbabilityCollectionSamplerT,TwoCmres.Cmres.Factory
DiscreteProbabilityCollectionSamplerT,TwoCmres.Cmres
DiscreteProbabilityCollectionSamplerT,IntProvider
DiscreteProbabilityCollectionSamplerT,Well19937a
DiscreteProbabilityCollectionSamplerT,Well512a
DiscreteProbabilityCollectionSamplerT,ISAACRandom
DiscreteProbabilityCollectionSamplerT,JDKRandom
DiscreteProbabilityCollectionSamplerT,AbstractWell
DiscreteProbabilityCollectionSamplerT,MersenneTwister
DiscreteProbabilityCollectionSamplerT,MultiplyWithCarry256
DiscreteProbabilityCollectionSamplerT,KISSRandom
DiscreteProbabilityCollectionSamplerT,Well19937c
DiscreteProbabilityCollectionSamplerT,ListSampler
DiscreteProbabilityCollectionSamplerT,UnitSphereSampler
DiscreteProbabilityCollectionSamplerT,DiscreteProbabilityCollectionSampler
DiscreteProbabilityCollectionSamplerT,CollectionSampler
DiscreteProbabilityCollectionSamplerT,PermutationSampler
DiscreteProbabilityCollectionSamplerT,MarsagliaNormalizedGaussianSampler
DiscreteProbabilityCollectionSamplerT,SamplerBase
DiscreteProbabilityCollectionSamplerT,BoxMullerLogNormalSampler
DiscreteProbabilityCollectionSamplerT,DiscreteUniformSampler
DiscreteProbabilityCollectionSamplerT,RejectionInversionZipfSampler
DiscreteProbabilityCollectionSamplerT,PoissonSampler
DiscreteProbabilityCollectionSamplerT,InverseTransformParetoSampler
DiscreteProbabilityCollectionSamplerT,InternalUtils.FactorialLog
DiscreteProbabilityCollectionSamplerT,ChengBetaSampler
DiscreteProbabilityCollectionSamplerT,GaussianSampler
DiscreteProbabilityCollectionSamplerT,ContinuousUniformSampler
DiscreteProbabilityCollectionSamplerT,ZigguratNormalizedGaussianSampler
DiscreteProbabilityCollectionSamplerT,InternalUtils
DiscreteProbabilityCollectionSamplerT,InternalGamma
DiscreteProbabilityCollectionSamplerT,InverseTransformContinuousSampler
DiscreteProbabilityCollectionSamplerT,LogNormalSampler
DiscreteProbabilityCollectionSamplerT,LargeMeanPoissonSampler
DiscreteProbabilityCollectionSamplerT,AhrensDieterExponentialSampler
DiscreteProbabilityCollectionSamplerT,BoxMullerNormalizedGaussianSampler
DiscreteProbabilityCollectionSamplerT,InverseTransformDiscreteSampler
DiscreteProbabilityCollectionSamplerT,SmallMeanPoissonSampler
DiscreteProbabilityCollectionSamplerT,AhrensDieterMarsagliaTsangGammaSampler
DiscreteProbabilityCollectionSamplerT,BoxMullerGaussianSampler
DiscreteProbabilityCollectionSamplerT,Long2Int
DiscreteProbabilityCollectionSamplerT,Long2LongArray
DiscreteProbabilityCollectionSamplerT,NoOpConverter
DiscreteProbabilityCollectionSamplerT,Long2IntArray
DiscreteProbabilityCollectionSamplerT,ProviderBuilder.RandomSourceInternal
DiscreteProbabilityCollectionSamplerT,LongArray2IntArray
DiscreteProbabilityCollectionSamplerT,ByteArray2IntArray
DiscreteProbabilityCollectionSamplerT,IntArray2LongArray
DiscreteProbabilityCollectionSamplerT,Int2Long
DiscreteProbabilityCollectionSamplerT,ProviderBuilder
DiscreteProbabilityCollectionSamplerT,SeedFactory
DiscreteProbabilityCollectionSamplerT,IntArray2Int
DiscreteProbabilityCollectionSamplerT,SeedConverterComposer
DiscreteProbabilityCollectionSamplerT,ByteArray2LongArray
DiscreteProbabilityCollectionSamplerT,LongArray2Long
DiscreteProbabilityCollectionSamplerT,JDKRandomBridge
DiscreteProbabilityCollectionSamplerT,RandomSource
DiscreteProbabilityCollectionSamplerT,RandomSource.new UniformRandomProvider() {...}
NumberFactoryT,NumberFactory
NumberFactoryT,RandomProviderDefaultState
NumberFactoryT,BaseProvider
NumberFactoryT,XorShift1024Star
NumberFactoryT,SplitMix64
NumberFactoryT,MersenneTwister64
NumberFactoryT,TwoCmres.Cmres
NumberFactoryT,TwoCmres
NumberFactoryT,LongProvider
NumberFactoryT,TwoCmres.Cmres.Factory
NumberFactoryT,Well1024a
NumberFactoryT,MersenneTwister
NumberFactoryT,IntProvider
NumberFactoryT,AbstractWell
NumberFactoryT,AbstractWell.IndexTable
NumberFactoryT,Well44497a
NumberFactoryT,Well19937a
NumberFactoryT,MultiplyWithCarry256
NumberFactoryT,ISAACRandom
NumberFactoryT,Well19937c
NumberFactoryT,Well44497b
NumberFactoryT,Well512a
NumberFactoryT,JDKRandom
NumberFactoryT,KISSRandom
Well1024aT,NumberFactory
Well1024aT,RandomProviderDefaultState
Well1024aT,BaseProvider
Well1024aT,TwoCmres.Cmres
Well1024aT,MersenneTwister64
Well1024aT,TwoCmres.Cmres.Factory
Well1024aT,LongProvider
Well1024aT,XorShift1024Star
Well1024aT,SplitMix64
Well1024aT,TwoCmres
Well1024aT,Well19937c
Well1024aT,AbstractWell.IndexTable
Well1024aT,AbstractWell
Well1024aT,JDKRandom
Well1024aT,IntProvider
Well1024aT,MersenneTwister
Well1024aT,ISAACRandom
Well1024aT,Well44497b
Well1024aT,KISSRandom
Well1024aT,Well512a
Well1024aT,MultiplyWithCarry256
Well1024aT,Well44497a
Well1024aT,Well19937a
DiscreteSamplerParametricT,NumberFactory
DiscreteSamplerParametricT,RandomProviderDefaultState
DiscreteSamplerParametricT,BaseProvider
DiscreteSamplerParametricT,TwoCmres
DiscreteSamplerParametricT,MersenneTwister64
DiscreteSamplerParametricT,TwoCmres.Cmres.Factory
DiscreteSamplerParametricT,SplitMix64
DiscreteSamplerParametricT,XorShift1024Star
DiscreteSamplerParametricT,LongProvider
DiscreteSamplerParametricT,KISSRandom
DiscreteSamplerParametricT,IntProvider
DiscreteSamplerParametricT,MersenneTwister
DiscreteSamplerParametricT,Well512a
DiscreteSamplerParametricT,ISAACRandom
DiscreteSamplerParametricT,JDKRandom
DiscreteSamplerParametricT,MultiplyWithCarry256
DiscreteSamplerParametricT,AbstractWell
DiscreteSamplerParametricT,DiscreteProbabilityCollectionSampler
DiscreteSamplerParametricT,CollectionSampler
DiscreteSamplerParametricT,ListSampler
DiscreteSamplerParametricT,UnitSphereSampler
DiscreteSamplerParametricT,PermutationSampler
DiscreteSamplerParametricT,SamplerBase
DiscreteSamplerParametricT,InverseTransformContinuousSampler
DiscreteSamplerParametricT,DiscreteUniformSampler
DiscreteSamplerParametricT,ChengBetaSampler
DiscreteSamplerParametricT,BoxMullerLogNormalSampler
DiscreteSamplerParametricT,RejectionInversionZipfSampler
DiscreteSamplerParametricT,LargeMeanPoissonSampler
DiscreteSamplerParametricT,MarsagliaNormalizedGaussianSampler
DiscreteSamplerParametricT,GaussianSampler
DiscreteSamplerParametricT,SmallMeanPoissonSampler
DiscreteSamplerParametricT,AhrensDieterMarsagliaTsangGammaSampler
DiscreteSamplerParametricT,LogNormalSampler
DiscreteSamplerParametricT,ZigguratNormalizedGaussianSampler
DiscreteSamplerParametricT,InternalUtils.FactorialLog
DiscreteSamplerParametricT,InverseTransformParetoSampler
DiscreteSamplerParametricT,AhrensDieterExponentialSampler
DiscreteSamplerParametricT,BoxMullerNormalizedGaussianSampler
DiscreteSamplerParametricT,BoxMullerGaussianSampler
DiscreteSamplerParametricT,ContinuousUniformSampler
DiscreteSamplerParametricT,ByteArray2LongArray
DiscreteSamplerParametricT,Long2LongArray
DiscreteSamplerParametricT,IntArray2Int
DiscreteSamplerParametricT,SeedFactory
DiscreteSamplerParametricT,ProviderBuilder.RandomSourceInternal
DiscreteSamplerParametricT,ProviderBuilder
DiscreteSamplerParametricT,Int2Long
DiscreteSamplerParametricT,IntArray2LongArray
DiscreteSamplerParametricT,Long2Int
DiscreteSamplerParametricT,Long2IntArray
DiscreteSamplerParametricT,LongArray2IntArray
DiscreteSamplerParametricT,LongArray2Long
DiscreteSamplerParametricT,ByteArray2IntArray
DiscreteSamplerParametricT,NoOpConverter
DiscreteSamplerParametricT,SeedConverterComposer
DiscreteSamplerParametricT,JDKRandomBridge
DiscreteSamplerParametricT,RandomSource.new UniformRandomProvider() {...}
DiscreteSamplerParametricT,RandomSource
PermutationSamplerT,NumberFactory
PermutationSamplerT,BaseProvider
PermutationSamplerT,RandomProviderDefaultState
PermutationSamplerT,TwoCmres.Cmres.Factory
PermutationSamplerT,TwoCmres
PermutationSamplerT,TwoCmres.Cmres
PermutationSamplerT,LongProvider
PermutationSamplerT,SplitMix64
PermutationSamplerT,XorShift1024Star
PermutationSamplerT,MersenneTwister64
PermutationSamplerT,AbstractWell
PermutationSamplerT,ISAACRandom
PermutationSamplerT,Well1024a
PermutationSamplerT,IntProvider
PermutationSamplerT,Well512a
PermutationSamplerT,MultiplyWithCarry256
PermutationSamplerT,MersenneTwister
PermutationSamplerT,JDKRandom
PermutationSamplerT,Well19937a
PermutationSamplerT,Well19937c
PermutationSamplerT,KISSRandom
PermutationSamplerT,ListSampler
PermutationSamplerT,CollectionSampler
PermutationSamplerT,UnitSphereSampler
PermutationSamplerT,DiscreteProbabilityCollectionSampler
PermutationSamplerT,InternalGamma
PermutationSamplerT,RejectionInversionZipfSampler
PermutationSamplerT,InternalUtils.FactorialLog
PermutationSamplerT,DiscreteUniformSampler
PermutationSamplerT,InverseTransformParetoSampler
PermutationSamplerT,SamplerBase
PermutationSamplerT,LargeMeanPoissonSampler
PermutationSamplerT,AhrensDieterMarsagliaTsangGammaSampler
PermutationSamplerT,InverseTransformContinuousSampler
PermutationSamplerT,MarsagliaNormalizedGaussianSampler
PermutationSamplerT,PoissonSampler
PermutationSamplerT,InternalUtils
PermutationSamplerT,ZigguratNormalizedGaussianSampler
PermutationSamplerT,ContinuousUniformSampler
PermutationSamplerT,LogNormalSampler
PermutationSamplerT,GaussianSampler
PermutationSamplerT,InverseTransformDiscreteSampler
PermutationSamplerT,SmallMeanPoissonSampler
PermutationSamplerT,BoxMullerGaussianSampler
PermutationSamplerT,AhrensDieterExponentialSampler
PermutationSamplerT,BoxMullerLogNormalSampler
PermutationSamplerT,BoxMullerNormalizedGaussianSampler
PermutationSamplerT,ChengBetaSampler
PermutationSamplerT,Long2Int
PermutationSamplerT,Long2LongArray
PermutationSamplerT,IntArray2Int
PermutationSamplerT,IntArray2LongArray
PermutationSamplerT,LongArray2Long
PermutationSamplerT,ProviderBuilder
PermutationSamplerT,ByteArray2LongArray
PermutationSamplerT,SeedFactory
PermutationSamplerT,LongArray2IntArray
PermutationSamplerT,ProviderBuilder.RandomSourceInternal
PermutationSamplerT,SeedConverterComposer
PermutationSamplerT,Int2Long
PermutationSamplerT,ByteArray2IntArray
PermutationSamplerT,NoOpConverter
PermutationSamplerT,JDKRandomBridge
PermutationSamplerT,RandomSource
PermutationSamplerT,RandomSource.new UniformRandomProvider() {...}
Well19937aT,NumberFactory
Well19937aT,BaseProvider
Well19937aT,RandomProviderDefaultState
Well19937aT,XorShift1024Star
Well19937aT,MersenneTwister64
Well19937aT,TwoCmres.Cmres.Factory
Well19937aT,TwoCmres.Cmres
Well19937aT,LongProvider
Well19937aT,TwoCmres
Well19937aT,SplitMix64
Well19937aT,Well44497b
Well19937aT,Well1024a
Well19937aT,Well19937c
Well19937aT,MultiplyWithCarry256
Well19937aT,Well44497a
Well19937aT,IntProvider
Well19937aT,AbstractWell
Well19937aT,KISSRandom
Well19937aT,JDKRandom
Well19937aT,Well512a
Well19937aT,MersenneTwister
Well19937aT,ISAACRandom
ISAACRandomT,NumberFactory
ISAACRandomT,BaseProvider
ISAACRandomT,RandomProviderDefaultState
ISAACRandomT,MersenneTwister64
ISAACRandomT,LongProvider
ISAACRandomT,TwoCmres.Cmres.Factory
ISAACRandomT,TwoCmres
ISAACRandomT,TwoCmres.Cmres
ISAACRandomT,XorShift1024Star
ISAACRandomT,SplitMix64
ISAACRandomT,MersenneTwister
ISAACRandomT,Well44497b
ISAACRandomT,JDKRandom
ISAACRandomT,Well512a
ISAACRandomT,Well19937a
ISAACRandomT,Well19937c
ISAACRandomT,MultiplyWithCarry256
ISAACRandomT,AbstractWell
ISAACRandomT,KISSRandom
ISAACRandomT,AbstractWell.IndexTable
ISAACRandomT,ISAACRandom
ISAACRandomT,Well1024a
ISAACRandomT,IntProvider
ISAACRandomT,Well44497a
Providers32ParametricT,NumberFactory
Providers32ParametricT,BaseProvider
Providers32ParametricT,SplitMix64
Providers32ParametricT,TwoCmres.Cmres.Factory
Providers32ParametricT,TwoCmres
Providers32ParametricT,XorShift1024Star
Providers32ParametricT,TwoCmres.Cmres
Providers32ParametricT,LongProvider
Providers32ParametricT,MersenneTwister64
Providers32ParametricT,MersenneTwister
Providers32ParametricT,ISAACRandom
Providers32ParametricT,MultiplyWithCarry256
Providers32ParametricT,IntProvider
Providers32ParametricT,JDKRandom
Well19937cT,NumberFactory
Well19937cT,BaseProvider
Well19937cT,RandomProviderDefaultState
Well19937cT,MersenneTwister64
Well19937cT,TwoCmres.Cmres.Factory
Well19937cT,SplitMix64
Well19937cT,TwoCmres.Cmres
Well19937cT,XorShift1024Star
Well19937cT,TwoCmres
Well19937cT,LongProvider
Well19937cT,JDKRandom
Well19937cT,ISAACRandom
Well19937cT,KISSRandom
Well19937cT,MersenneTwister
Well19937cT,Well44497b
Well19937cT,Well512a
Well19937cT,MultiplyWithCarry256
Well19937cT,Well1024a
Well19937cT,Well44497a
Well19937cT,AbstractWell
Well19937cT,IntProvider
IntArray2LongArrayT,NumberFactory
IntArray2LongArrayT,BaseProvider
IntArray2LongArrayT,RandomProviderDefaultState
IntArray2LongArrayT,SplitMix64
IntArray2LongArrayT,MersenneTwister64
IntArray2LongArrayT,LongProvider
IntArray2LongArrayT,TwoCmres
IntArray2LongArrayT,TwoCmres.Cmres
IntArray2LongArrayT,XorShift1024Star
IntArray2LongArrayT,TwoCmres.Cmres.Factory
IntArray2LongArrayT,MersenneTwister
IntArray2LongArrayT,MultiplyWithCarry256
IntArray2LongArrayT,Well19937c
IntArray2LongArrayT,JDKRandom
IntArray2LongArrayT,Well512a
IntArray2LongArrayT,Well1024a
IntArray2LongArrayT,KISSRandom
IntArray2LongArrayT,AbstractWell
IntArray2LongArrayT,ISAACRandom
IntArray2LongArrayT,IntProvider
IntArray2LongArrayT,AbstractWell.IndexTable
IntArray2LongArrayT,Well44497a
IntArray2LongArrayT,Well19937a
IntArray2LongArrayT,Well44497b
IntArray2LongArrayT,SeedFactory
IntArray2LongArrayT,ByteArray2LongArray
IntArray2LongArrayT,LongArray2Long
IntArray2LongArrayT,Long2IntArray
IntArray2LongArrayT,ProviderBuilder.RandomSourceInternal
IntArray2LongArrayT,ByteArray2IntArray
IntArray2LongArrayT,SeedConverterComposer
IntArray2LongArrayT,Int2Long
IntArray2LongArrayT,Long2Int
IntArray2LongArrayT,ProviderBuilder
IntArray2LongArrayT,Long2LongArray
IntArray2LongArrayT,LongArray2IntArray
IntArray2LongArrayT,NoOpConverter
IntArray2LongArrayT,IntArray2Int
IntArray2LongArrayT,JDKRandomBridge
IntArray2LongArrayT,RandomSource
IntArray2LongArrayT,RandomSource.new UniformRandomProvider() {...}
Providers64ParametricT,NumberFactory
Providers64ParametricT,BaseProvider
Providers64ParametricT,TwoCmres.Cmres.Factory
Providers64ParametricT,LongProvider
Providers64ParametricT,TwoCmres
Providers64ParametricT,MersenneTwister64
Providers64ParametricT,JDKRandom
Providers64ParametricT,IntProvider
Providers64ParametricT,MultiplyWithCarry256
Providers64ParametricT,Well19937a
Providers64ParametricT,Well1024a
Providers64ParametricT,AbstractWell.IndexTable
Providers64ParametricT,Well512a
Providers64ParametricT,AbstractWell
Providers64ParametricT,Well44497a
Providers64ParametricT,Well44497b
Providers64ParametricT,Well19937c
Providers64ParametricT,MersenneTwister
Providers64ParametricT,KISSRandom
Providers64ParametricT,ISAACRandom
Well44497aT,NumberFactory
Well44497aT,BaseProvider
Well44497aT,RandomProviderDefaultState
Well44497aT,SplitMix64
Well44497aT,LongProvider
Well44497aT,XorShift1024Star
Well44497aT,MersenneTwister64
Well44497aT,TwoCmres.Cmres
Well44497aT,TwoCmres.Cmres.Factory
Well44497aT,TwoCmres
Well44497aT,Well44497b
Well44497aT,Well19937a
Well44497aT,IntProvider
Well44497aT,MultiplyWithCarry256
Well44497aT,AbstractWell
Well44497aT,JDKRandom
Well44497aT,Well19937c
Well44497aT,Well1024a
Well44497aT,ISAACRandom
Well44497aT,Well512a
Well44497aT,KISSRandom
Well44497aT,MersenneTwister
JDKRandomBridgeT,NumberFactory
JDKRandomBridgeT,BaseProvider
JDKRandomBridgeT,TwoCmres
JDKRandomBridgeT,TwoCmres.Cmres
JDKRandomBridgeT,TwoCmres.Cmres.Factory
JDKRandomBridgeT,LongProvider
JDKRandomBridgeT,XorShift1024Star
JDKRandomBridgeT,MersenneTwister64
JDKRandomBridgeT,Well512a
JDKRandomBridgeT,IntProvider
JDKRandomBridgeT,AbstractWell
JDKRandomBridgeT,MersenneTwister
JDKRandomBridgeT,KISSRandom
JDKRandomBridgeT,MultiplyWithCarry256
JDKRandomBridgeT,Well1024a
JDKRandomBridgeT,Well19937a
JDKRandomBridgeT,ISAACRandom
JDKRandomBridgeT,JDKRandom
JDKRandomBridgeT,Well19937c
JDKRandomBridgeT,IntArray2LongArray
JDKRandomBridgeT,ProviderBuilder
JDKRandomBridgeT,Long2Int
JDKRandomBridgeT,Long2IntArray
JDKRandomBridgeT,ByteArray2IntArray
JDKRandomBridgeT,IntArray2Int
JDKRandomBridgeT,SeedConverterComposer
JDKRandomBridgeT,Int2Long
JDKRandomBridgeT,LongArray2IntArray
JDKRandomBridgeT,ByteArray2LongArray
JDKRandomBridgeT,LongArray2Long
JDKRandomBridgeT,Long2LongArray
JDKRandomBridgeT,ProviderBuilder.RandomSourceInternal
JDKRandomBridgeT,SeedFactory
JDKRandomBridgeT,RandomSource
JDKRandomBridgeT,RandomSource.new UniformRandomProvider() {...}
ProvidersCommonParametricT,NumberFactory
ProvidersCommonParametricT,BaseProvider
ProvidersCommonParametricT,TwoCmres
ProvidersCommonParametricT,TwoCmres.Cmres.Factory
ProvidersCommonParametricT,JDKRandom
ProvidersCommonParametricT,SeedFactory
ProvidersCommonParametricT,ByteArray2LongArray
ProvidersCommonParametricT,ProviderBuilder
ProvidersCommonParametricT,ByteArray2IntArray
ProvidersCommonParametricT,IntArray2LongArray
ProvidersCommonParametricT,RandomSource
ProvidersCommonParametricT,JDKRandomBridge
Well44497bT,NumberFactory
Well44497bT,BaseProvider
Well44497bT,RandomProviderDefaultState
Well44497bT,TwoCmres.Cmres
Well44497bT,TwoCmres
Well44497bT,SplitMix64
Well44497bT,MersenneTwister64
Well44497bT,LongProvider
Well44497bT,TwoCmres.Cmres.Factory
Well44497bT,XorShift1024Star
Well44497bT,MultiplyWithCarry256
Well44497bT,Well19937c
Well44497bT,IntProvider
Well44497bT,Well512a
Well44497bT,ISAACRandom
Well44497bT,JDKRandom
Well44497bT,KISSRandom
Well44497bT,MersenneTwister
Well44497bT,AbstractWell
Well44497bT,Well1024a
Well44497bT,Well19937a
JDKRandomT,NumberFactory
JDKRandomT,BaseProvider
JDKRandomT,RandomProviderDefaultState
JDKRandomT,SplitMix64
JDKRandomT,TwoCmres
JDKRandomT,TwoCmres.Cmres.Factory
JDKRandomT,XorShift1024Star
JDKRandomT,MersenneTwister64
JDKRandomT,LongProvider
JDKRandomT,TwoCmres.Cmres
JDKRandomT,MultiplyWithCarry256
JDKRandomT,Well19937c
JDKRandomT,MersenneTwister
JDKRandomT,Well512a
JDKRandomT,KISSRandom
JDKRandomT,JDKRandom
JDKRandomT,Well1024a
JDKRandomT,Well44497b
JDKRandomT,Well44497a
JDKRandomT,ISAACRandom
JDKRandomT,Well19937a
JDKRandomT,AbstractWell.IndexTable
JDKRandomT,IntProvider
JDKRandomT,AbstractWell
RandomProviderDefaultStateT,NumberFactory
RandomProviderDefaultStateT,BaseProvider
RandomProviderDefaultStateT,TwoCmres
RandomProviderDefaultStateT,TwoCmres.Cmres
RandomProviderDefaultStateT,SplitMix64
RandomProviderDefaultStateT,XorShift1024Star
RandomProviderDefaultStateT,TwoCmres.Cmres.Factory
RandomProviderDefaultStateT,MersenneTwister64
RandomProviderDefaultStateT,LongProvider
RandomProviderDefaultStateT,IntProvider
RandomProviderDefaultStateT,KISSRandom
RandomProviderDefaultStateT,Well44497b
RandomProviderDefaultStateT,MersenneTwister
RandomProviderDefaultStateT,Well19937c
RandomProviderDefaultStateT,Well512a
RandomProviderDefaultStateT,Well44497a
RandomProviderDefaultStateT,AbstractWell
RandomProviderDefaultStateT,AbstractWell.IndexTable
RandomProviderDefaultStateT,MultiplyWithCarry256
RandomProviderDefaultStateT,Well19937a
RandomProviderDefaultStateT,ISAACRandom
RandomProviderDefaultStateT,JDKRandom
RandomProviderDefaultStateT,Well1024a
Well512aT,NumberFactory
Well512aT,BaseProvider
Well512aT,RandomProviderDefaultState
Well512aT,LongProvider
Well512aT,XorShift1024Star
Well512aT,TwoCmres
Well512aT,TwoCmres.Cmres.Factory
Well512aT,MersenneTwister64
Well512aT,SplitMix64
Well512aT,TwoCmres.Cmres
Well512aT,KISSRandom
Well512aT,Well44497a
Well512aT,Well44497b
Well512aT,JDKRandom
Well512aT,AbstractWell
Well512aT,Well19937a
Well512aT,ISAACRandom
Well512aT,Well19937c
Well512aT,IntProvider
Well512aT,Well1024a
Well512aT,MersenneTwister
Well512aT,AbstractWell.IndexTable
Well512aT,MultiplyWithCarry256
KISSRandomT,NumberFactory
KISSRandomT,RandomProviderDefaultState
KISSRandomT,BaseProvider
KISSRandomT,MersenneTwister64
KISSRandomT,TwoCmres
KISSRandomT,TwoCmres.Cmres.Factory
KISSRandomT,SplitMix64
KISSRandomT,LongProvider
KISSRandomT,TwoCmres.Cmres
KISSRandomT,XorShift1024Star
KISSRandomT,Well19937c
KISSRandomT,KISSRandom
KISSRandomT,IntProvider
KISSRandomT,Well44497b
KISSRandomT,MultiplyWithCarry256
KISSRandomT,ISAACRandom
KISSRandomT,AbstractWell
KISSRandomT,Well1024a
KISSRandomT,Well44497a
KISSRandomT,Well19937a
KISSRandomT,AbstractWell.IndexTable
KISSRandomT,Well512a
KISSRandomT,JDKRandom
KISSRandomT,MersenneTwister
RandomSourceT,NumberFactory
RandomSourceT,RandomProviderDefaultState
RandomSourceT,BaseProvider
RandomSourceT,SplitMix64
RandomSourceT,LongProvider
RandomSourceT,XorShift1024Star
RandomSourceT,TwoCmres.Cmres.Factory
RandomSourceT,MersenneTwister64
RandomSourceT,TwoCmres.Cmres
RandomSourceT,TwoCmres
RandomSourceT,ISAACRandom
RandomSourceT,JDKRandom
RandomSourceT,KISSRandom
RandomSourceT,IntProvider
RandomSourceT,Well512a
RandomSourceT,Well1024a
RandomSourceT,Well19937c
RandomSourceT,AbstractWell
RandomSourceT,Well19937a
RandomSourceT,MultiplyWithCarry256
RandomSourceT,MersenneTwister
RandomSourceT,Long2Int
RandomSourceT,Long2IntArray
RandomSourceT,IntArray2Int
RandomSourceT,ByteArray2IntArray
RandomSourceT,SeedFactory
RandomSourceT,Long2LongArray
RandomSourceT,LongArray2Long
RandomSourceT,IntArray2LongArray
RandomSourceT,ProviderBuilder
RandomSourceT,Int2Long
RandomSourceT,ProviderBuilder.RandomSourceInternal
RandomSourceT,ByteArray2LongArray
RandomSourceT,LongArray2IntArray
RandomSourceT,SeedConverterComposer
RandomSourceT,NoOpConverter
RandomSourceT,RandomSource
RandomSourceT,RandomSource.new UniformRandomProvider() {...}
RandomSourceT,JDKRandomBridge
XorShift1024StarT,NumberFactory
XorShift1024StarT,BaseProvider
XorShift1024StarT,RandomProviderDefaultState
XorShift1024StarT,XorShift1024Star
XorShift1024StarT,LongProvider
XorShift1024StarT,TwoCmres.Cmres.Factory
XorShift1024StarT,TwoCmres.Cmres
XorShift1024StarT,MersenneTwister64
XorShift1024StarT,TwoCmres
XorShift1024StarT,SplitMix64
XorShift1024StarT,MersenneTwister
XorShift1024StarT,KISSRandom
XorShift1024StarT,ISAACRandom
XorShift1024StarT,Well19937a
XorShift1024StarT,Well44497a
XorShift1024StarT,IntProvider
XorShift1024StarT,AbstractWell
XorShift1024StarT,MultiplyWithCarry256
XorShift1024StarT,JDKRandom
XorShift1024StarT,AbstractWell.IndexTable
XorShift1024StarT,Well1024a
XorShift1024StarT,Well19937c
XorShift1024StarT,Well44497b
XorShift1024StarT,Well512a
